RowID,DateTimeStart,DateTimeEnd,Title,Location,IsAllCandidates,CancelledOrRescheduled,PositionIDList,URL,Notes
9001,2026-05-02T13:00:00,2026-05-02T16:00:00,Day 1: 2026 Waterloo Region Women's Municipal Campaign School,"RIM Park, 2001 University Ave E, Waterloo, ON",N,,Alias-Everything,https://www.eventbrite.ca/e/day-1-2026-waterloo-region-womens-municipal-campaign-school-tickets-1987433324574,
9002,2026-06-13T10:00:00,2026-06-13T16:00:00,Day 2: 2026 Waterloo Region Women's Municipal Campaign School,"150 Frederick St, Kitchener, ON",N,,Alias-Everything,https://www.eventbrite.ca/e/day-2-2026-waterloo-region-womens-municipal-campaign-school-tickets-1988687411582,
9003,2026-06-09T18:30:00,2026-06-09T20:00:00,AMO – Running for Municipal Office-Everything You Need to Know as an Underrepresented Candidate,Online,N,,Alias-Everything,https://amo-on-ca.zoom.us/meeting/register/uJkrINbXTDqYtfZZqVmv6g#/registration,
9004,2026-06-03T18:30:00,2026-06-03T20:00:00,AMO – An Information Session for Urban Indigenous Peoples’ Considering Running for Municipal Office,Online,N,,Alias-Everything,https://www.amo.on.ca/information-session-urban-indigenous-peoples-considering-running-municipal-office,
9005,2026-06-02T18:30:00,2026-06-02T20:00:00,AMO – An Information Session for Youth Considering Running for Municipal Office,Online,N,,Alias-Everything,https://www.amo.on.ca/information-session-youth-considering-running-municipal-office,
9006,2026-06-16T18:30:00,2026-06-16T20:00:00,AMO – AMO's Healthy Democracy Leadership Series: Supporting Local Leadership in run up to the 2026 Municipal Elections (Session 1),Online,N,,Alias-Everything,https://amo-on-ca.zoom.us/meeting/register/4dJoemgDR-uOiTs3YkZQlA,
9007,2026-06-09T19:00:00,2026-06-09T20:30:00,KPL - Exploring Civic Career Pathways for Youth,"KPL Main Branch, 85 Queen St N, Kitchener, ON",N,,Alias-Everything,https://kpl.events.mylibrary.digital/event?id=344794,
9008,2026-06-02T18:30:00,2026-06-02T20:30:00,VisionWR - How to host an all candidates meeting: A playbook for Success!,"Downtown Community Centre, 35 Weber St W, Kitchener, ON",N,,Alias-Everything,https://www.eventbrite.ca/e/how-to-host-an-all-candidates-meeting-a-playbook-for-success-tickets-1988945814472,
9009,2026-06-05T17:00:00,2026-06-05T19:00:00,Run4OfficeWR and Laterna Black Innovation Hub - A Conversation with Meena Waseen,"EC5, 305 Phillip St S, Waterloo, ON",N,,SchoolBoard-Public-English-Kitchener,https://www.linkedin.com/posts/fridaysafter5-lbih-run4officewr-share-7464712593375531008-CSG0,
9010,2026-07-17T13:00,2026-07-17T15:00,KPL - Municipal Election Drop-In Information Session (Forest Heights),"KPL Forest Heights, 251 Fischer-Hallman Road, Kitchener, ON",N,,Alias-Kitchener,https://kpl.events.mylibrary.digital/event?id=345298,
9011,2026-07-24T13:00,2026-07-24T15:00,KPL - Municipal Election Drop-In Information Session (Kingsdale),"Kingsdale Community Centre, 72 Wilson Ave, Kitchener, ON",N,,Alias-Kitchener,https://kpl.events.mylibrary.digital/event?id=345299,
9012,2026-08-07T13:00,2026-08-07T15:00,KPL - Municipal Election Drop-In Information Session (Stanley Park),"KPL Stanley Park Branch, 175 Indian Road, Kitchener, ON",N,,Alias-Kitchener,https://kpl.events.mylibrary.digital/event?id=345300,
9013,2026-08-14T13:00,2026-08-14T15:00,KPL - Municipal Election Drop-In Information Session (Pioneer Park),"KPL Pioneer Park Branch, 150 Pioneer Park Drive, Kitchener, ON",N,,Alias-Kitchener,https://kpl.events.mylibrary.digital/event?id=345301,
9014,2026-08-28T13:00,2026-08-28T15:00,KPL - Municipal Election Drop-In Information Session (Southwest),"KPL Southwest Branch, 100 Rosenberg Way, Kitchener, ON",N,,Alias-Kitchener,https://kpl.events.mylibrary.digital/event?id=345302,
9015,2026-07-15T18:00,2026-07-15T20:00,Sam Nabi Community Conversation (Housing),"55 Duke St W, Kitchener, ON",N,,Kitchener-Ward-10,https://old.reddit.com/r/kitchener/comments/1unc2k6/oct_26_is_the_municipal_election_come_meet_sam/,
9016,2026-07-25T14:30,2026-07-25T16:30,David Alton/Wazhma Frogh Townhall - Right to Housing,"Chandler Mowat Community Centre, 222 Chandler Drive, Kitchener, ON",N,,Kitchener-Mayor,https://www.eventbrite.com/e/right-to-housing-townhall-tickets-1993166824627,
9017,2026-08-20T15:00,2026-08-20T16:00,WPL - Future Voters Lab - Mock Election for Kids,"WPL John M. Harper Branch, 500 Fischer-Hallman Road N, Waterloo, ON",N,,Alias-CityWaterloo,https://calendar.wpl.ca/event/16512783,
9018,2026-09-24T19:00,2026-09-24T20:30,Cambridge Elects - Mayor Town Hall,"YMCA Cambridge, 250 Hespeler Road, Cambridge, ON",Y,,Cambridge-Mayor,https://www.cambridgeelects.ca/home,
9019,2026-09-22T19:00,2026-09-22T20:30,Cambridge Elects - Regional Councilor Town Hall,"Islamic Centre, 1550 Dunbar Road, Cambridge, ON",Y,,Regional-Cambridge,https://www.cambridgeelects.ca/home,
9020,2026-09-17T19:00,2026-09-17T20:30,Cambridge Elects - Ward 1 Town Hall,"Parkway Public School, 430 Preston Parkway, Cambridge, ON",Y,,Cambridge-Ward-01,https://www.cambridgeelects.ca/home,
9021,2026-09-10T19:00,2026-09-10T20:30,Cambridge Elects - Ward 2 Town Hall,"The Village Social, 18 Tannery St E, Cambridge, ON",Y,,Cambridge-Ward-02,https://www.cambridgeelects.ca/home,
9022,2026-09-08T19:00,2026-09-08T20:30,Cambridge Elects - Ward 3 Town Hall,"Langs, 1145 Concession Road, Cambridge, ON",Y,,Cambridge-Ward-03,https://www.cambridgeelects.ca/home,
9023,2026-09-14T19:00,2026-09-14T20:30,Cambridge Elects - Ward 4 Town Hall,"Wesley United Church, 6 Cambridge St, Cambridge, ON",Y,,Cambridge-Ward-04,https://www.cambridgeelects.ca/home,
9024,2026-09-21T19:00,2026-09-21T20:30,Cambridge Elects - Ward 5 Town Hall,"Galt Collective, 20 Hobson St, Cambridge, ON",Y,,Cambridge-Ward-05,https://www.cambridgeelects.ca/home,
9025,2026-09-15T19:00,2026-09-15T20:30,Cambridge Elects - Ward 6 Town Hall,"Kinbridge Community Association, 200 Christopher Drive, Cambridge, ON",Y,,Cambridge-Ward-06,https://www.cambridgeelects.ca/home,
9026,2026-09-09T19:00,2026-09-09T20:30,Cambridge Elects - Ward 7 Town Hall,"Forward Church, 55 Franklin Blvd, Cambridge, ON",Y,,Cambridge-Ward-07,https://www.cambridgeelects.ca/home,
9027,2026-09-16T19:00,2026-09-16T20:30,Cambridge Elects - Ward 8 Town Hall,"St Margaret of Scotland School, 310 Cowan Blvd, Cambridge, ON",Y,,Cambridge-Ward-08,https://www.cambridgeelects.ca/home,
9028,2026-08-16T14:00,2026-08-16T16:00,David Guerin Campaign Kick-Off BBQ,87 Broadoaks Drive,N,,Cambridge-Ward-07,https://www.facebook.com/events/2517531128751677/,
9029,2026-08-22T11:00,2026-08-22T13:00,Sam Nabi Community Conversation (Small Business),"Marlowe General, 74 King St W, Kitchener, ON",N,,Kitchener-Ward-10,https://old.reddit.com/r/kitchener/comments/1vnr771/ward_10_candidate_sam_nabi_invites_you_to_a/,
9030,2026-09-13T14:00,2026-09-13T16:00,Kitchener Ward 10 All Candidates Meeting,"St John the Evangelist Anglican Church, 23 Water Street  North, Kitchener, ON",Y,,Kitchener-Ward-10,https://www.eventbrite.com/e/ward-10-all-candidates-meeting-tickets-1996340988637,