PubDate,URL,Title,Publication,PositionIDList,Category
2026-05-06,https://reddit.com/r/kitchener/comments/1t5t7zr/municipal_election/,Municipal Election,Reddit,Kitchener-Ward-03,Opinion
2026-05-06,https://www.cambridgetoday.ca/2026-municipal-election-news/we-can-turn-the-tide-jan-liggett-seeking-second-term-as-mayor-12236959,We can turn the tide:' Jan Liggett seeking second term as mayor,Cambridge Today,Cambridge-Mayor,CandidateProfiles
2026-05-06,https://reddit.com/r/kitchener/comments/1t5ql0m/we_can_turn_the_tide_jan_liggett_seeking_second/,We can turn the tide:' Jan Liggett seeking second term as mayor (Reddit discussion),Reddit,Cambridge-Mayor,Opinion
2026-05-06,https://reddit.com/r/WoolwichTownship/comments/1t5rzc2/woolwich_ward_2_coun_eric_schwindt_seeks_mayors/,Woolwich Ward 2 Coun. Eric Schwindt seeks mayor’s office (Reddit discussion),Reddit,"Woolwich-Mayor,Woolwich-Ward-02",Opinion
2026-05-06,https://www.therecord.com/news/municipal-elections/woolwich-ward-2-coun-eric-schwindt-seeks-mayors-office/article_b72d9021-5088-59b7-8ce8-29d5935de19c.html,Woolwich Ward 2 Coun. Eric Schwindt seeks mayor’s office,Waterloo Region Record,"Woolwich-Mayor,Woolwich-Ward-03",CandidateProfiles
2026-05-07,https://reddit.com/r/waterloo/comments/1t5vbgp/kitchener_city_council_candidate_matt_parker/,Kitchener City Council Candidate: Matt Parker,Reddit,Kitchener-Ward-03,Opinion
2026-05-06,https://reddit.com/r/waterloo/comments/1t5khbu/new_mayor_in_woolwich/,New Mayor in Woolwich?,Reddit,Woolwich-Mayor,Opinion
2026-05-05,https://www.youtube.com/watch?v=KNP5mXwyvU4,Woolwich Township Mayor Will Not Seek Re-Election,Rogers tv,Woolwich-Mayor,Article
2026-05-01,https://www.cambridgetimes.ca/news/municipal-elections/scott-hamilton-mayoral-race/article_fdd60141-384f-586e-b679-dea0c994192b.html,First to file: Scott Hamilton enters Cambridge mayoral race,Cambridge Times,Cambridge-Mayor,CandidateProfiles
2026-05-01,https://reddit.com/r/waterloo/comments/1t118nw/first_to_file_scott_hamilton_enters_cambridge/,First to file: Scott Hamilton enters Cambridge mayoral race (Reddit discussion),Reddit,Cambridge-Mayor,Opinion
2025-12-05,https://www.cbc.ca/news/canada/toronto/ontario-school-trustees-9.7004902,Ontario education minister to make decision on school trustee elimination in early 2026,CBC,Alias-All-SchoolBoards,Article
2026-05-26,https://www.therecord.com/news/municipal-elections/wellesley-township-election-mayorcandidate-martin/article_49fce847-69df-5f5b-a4a3-6965df19a0ce.html,Chris Martin wants to bring fresh perspective as Wellesley Township mayor,Waterloo Region Record,Wellesley-Mayor,CandidateProfiles
2026-05-25,https://www.newhamburgindependent.ca/news/municipal-elections/ontario-municipal-election-dates-2026/article_eea06657-e4f6-5212-a1e6-66861d8bc764.html,Ontario Municipal Election 2026: Key Dates & Voter Rules,New Hamburg Independent,Election-Info,Article
2026-05-05,https://www.newhamburgindependent.ca/news/municipal-elections/stephanie-goertz-running-for-mayor-in-wilmot/article_62d6d9b5-b271-50db-83f2-ba15a3a528f4.html,Stephanie Goertz wants to be the voice for Wilmot residents as township’s next mayor,New Hamburg Independent,Wilmot-Mayor,CandidateProfiles
2026-06-08,https://www.newhamburgindependent.ca/news/municipal-elections/municipal-elelcion-need-to-know-waerloo-region/article_804a5f8d-1ba2-5278-877b-40297f465934.html,"Waterloo Region votes: Dates, locations and everything you need to know to cast a ballot in the municipal election",New Hamburg Independent,Election-Info,Article
2026-04-16,https://www.cambridgetimes.ca/news/waterloo-region/municipal-elections-cambridge/article_a719ffcc-f9d3-5d4e-9322-a3d94489948e.html,Cambridge changes timing rules for election signs ahead of 2026 vote ,Cambridge Times,Election-Info,Article
2026-05-11,https://www.cambridgetimes.ca/news/municipal-elections/brian-kennedy-steps-down-from-bia-to-run-for-cambridge-mayor/article_9e7f5e29-0c9c-5cd5-9fa7-a90b4c69d6af.html,Brian Kennedy steps down from BIA to run for Cambridge mayor,Cambridge Times,Cambridge-Mayor,CandidateProfiles
2026-06-08,https://www.therecord.com/news/municipal-elections/municipal-election-questions-answers-waterloo-region/article_83049eed-3b58-5f7e-b38e-0cd9a93c5e0f.html,Q and A: Commonly asked questions about the 2026 municipal election,Waterloo Region Record,Election-Info,Article
2026-06-20,https://www.therecord.com/news/waterloo-region/woolwich-ward-1-coun-evan-burgess-running-for-mayor/article_897ee9ef-ff89-5e14-bd2e-169a92abab10.html,Woolwich Ward 1 Coun. Evan Burgess running for mayor,Waterloo Region Record,Woolwich-Mayor,CandidateProfiles
2026-05-19,https://www.therecord.com/news/waterloo-region/waterloo-mccabe-re-election/article_5d3d5879-02f3-55a7-9bc0-73ff5ae6b11e.html,Dorothy McCabe seeks a second term as Waterloo mayor,Waterloo Region Record,Waterloo-Mayor,CandidateProfiles
2026-05-12,https://www.therecord.com/news/municipal-elections/david-alton/article_86861263-8bc8-595f-b5a9-6a2f3e6e44c2.html,David Alton pledges to make Kitchener a ‘joyful city’ as its mayor,Waterloo Region Record,Kitchener-Mayor,CandidateProfiles
2026-05-04,https://www.therecord.com/news/municipal-elections/wazhma-frogh/article_253ed57b-c03a-5996-8f16-cd0b8f1ad845.html,Wazhma Frogh running for Kitchener mayor under ‘A Kitchener for Everyone’ vision,Waterloo Region Record,Kitchener-Mayor,CandidateProfiles
2026-05-28,https://www.observerxtra.com/race-is-on-as-chris-martin-looks-to-unseat-joe-nowak-as-wellesleys-mayor/,Race is on as Chris Martin looks to unseat Joe Nowak as Wellesley’s mayor,Woolwich Observer,Wellesley-Mayor,CandidateProfiles
2026-05-21,https://www.observerxtra.com/ward-1-coun-evan-burgess-enters-woolwich-mayoral-race/,Ward 1 Coun. Evan Burgess enters Woolwich mayoral race,Woolwich Observer,"Woolwich-Mayor,Woolwich-Ward-01",CandidateProfiles
2026-05-07,https://www.observerxtra.com/coun-schwindt-making-bid-for-woolwich-mayors-seat/,Coun. Schwindt making bid for Woolwich mayor’s seat,Woolwich Observer,"Woolwich-Ward-02, Woolwich-Mayor",CandidateProfiles
2026-07-07,https://www.cambridgetoday.ca/2026-municipal-election-news/ready-for-a-fresh-perspective-cambridge-business-owner-makes-it-a-four-way-race-for-mayor-12515168,Ready for a fresh perspective:' Cambridge business owner makes it a four-way race for mayor,Cambridge Today,Cambridge-Mayor,CandidateProfiles
2026-05-04,https://www.cambridgetoday.ca/2026-municipal-election-news/change-needs-to-be-from-the-top-down-head-of-bia-announces-mayoral-bid-12234548,Change needs to be from the top down:' head of BIA announces mayoral bid,Cambridge Today,Cambridge-Mayor,CandidateProfiles
2026-05-01,https://www.cambridgetoday.ca/2026-municipal-election-news/calm-careful-diplomatic-confident-scott-hamilton-first-to-announce-mayoral-bid-12221967,"Calm, careful, diplomatic, confident:' Scott Hamilton first to announce mayoral bid",Cambridge Today,Cambridge-Mayor,CandidateProfiles
2026-07-04,https://reddit.com/r/cambridgeont/comments/1unf0cp/sorry_cambridge_it_looks_like_both_helen_shwery/,"Sorry Cambridge, it looks like both Helen Shwery and Adam Cooper are running again this election ",Reddit,"Cambridge-Ward-01, Cambridge-Ward-06",Opinion
2026-07-04,https://reddit.com/r/waterloo/comments/1une8ce/introducing_myself_as_a_ward_2_candidate_in_north/,Introducing Myself as a Ward 2 Candidate in North Dumfries – I'd Love to Hear Your Thoughts ,Reddit,NorthDumfries-Ward-02,Opinion
2026-07-21,https://www.therecord.com/news/municipal-elections/2026-kitchener-waterloo-election/article_b6c71c0a-125c-5f1f-8604-b850bfcefd54.html,"Want to run for municipal office? You have one month left, and here’s how to register",Waterloo Region Record,Election-Info,Article
2026-07-16,https://www.therecord.com/news/municipal-elections/north-dumfries-councillor-rod-rolleman-wants-mayors-job/article_9620a1c4-1ad1-5818-a563-6d86caa58adf.html,Rod Rolleman wants North Dumfries mayor’s job,Waterloo Region Record,"NorthDumfries-Mayor,NorthDumfries-Ward-01",CandidateProfiles
2026-07-17,https://www.therecord.com/news/municipal-elections/joe-nowak-seeks-fourth-term-as-wellesley-mayor/article_1035b31e-6927-5377-a6c2-b73e432a7edd.html,Joe Nowak seeks 4th term as Wellesley mayor,Waterloo Region Record,Wellesley-Mayor,CandidateProfiles
2026-07-10,https://www.cambridgetoday.ca/2026-municipal-election-news/ward-6-barbara-harrington-12533024,Ward 6: Barbara Harrington,Cambridge Today,Cambridge-Ward-06,CandidateProfiles
2026-07-10,https://www.cambridgetoday.ca/2026-municipal-election-news/ward-5-sheri-roberts-12534209,Ward 5: Sheri Roberts,Cambridge Today,Cambridge-Ward-05,CandidateProfiles
2026-07-20,https://www.cambridgetoday.ca/2026-municipal-election-news/regional-council-bryan-causarano-bolton-12568804,Regional council: Bryan Causarano-Bolton,Cambridge Today,Regional-Cambridge,CandidateProfiles
2026-07-20,https://www.cambridgetoday.ca/2026-municipal-election-news/ward-4-ross-earnshaw-12569039,Ward 4: Ross Earnshaw,Cambridge Today,Cambridge-Ward-04,CandidateProfiles
2026-07-20,https://www.cambridgetoday.ca/2026-municipal-election-news/ward-7-david-guerin-12569183,Ward 7: David Guerin,Cambridge Today,Cambridge-Ward-07,CandidateProfiles
2026-07-23,https://www.cambridgetoday.ca/2026-municipal-election-news/regional-council-prakash-venkataraman-12584911,Regional council: Prakash Venkataraman,Cambridge Today,Regional-Cambridge,CandidateProfiles
2026-07-27,https://www.cambridgetoday.ca/2026-municipal-election-news/regional-council-pam-wolf-12595406,Regional council: Pam Wolf,Cambridge Today,Regional-Cambridge,CandidateProfiles
2026-07-29,https://www.cambridgetoday.ca/2026-municipal-election-news/regional-council-doug-craig-12605408,Regional council: Doug Craig,Cambridge Today,Regional-Cambridge,CandidateProfiles
2026-07-29,https://www.cambridgetoday.ca/2026-municipal-election-news/ward-7-kristen-danson-12608077,Ward 7: Kristen Danson,Cambridge Today,Cambridge-Ward-07,CandidateProfiles
2026-07-31,https://www.cambridgetoday.ca/2026-municipal-election-news/ward-2-david-craig-12617787,Ward 2: David Craig,Cambridge Today,Cambridge-Ward-02,CandidateProfiles
2026-08-01,https://www.therecord.com/news/waterloo-region/cambridge-sees-first-third-party-advertiser-register/article_f48a9da8-be2d-5713-b8f8-26fc180639d1.html,Who are third-party advertisers? Cambridge has one registered ahead of elections ,Waterloo Region Record,Election-Info,Article
2026-08-07,https://citified.substack.com/p/in-their-own-words-waterloo-ward,In Their Own Words (Waterloo ward 5): Waterloo ward 5 candidates share their thoughts on 250 Lincoln Rd.,Citified,Waterloo-Ward-05,Questionnaires
2026-07-30,https://citified.substack.com/p/the-council-round-up-july-2026,"The Council Round-Up (July 2026) (see ""School board updates"")",Citified,Alias-SchoolBoard-Public-English,Opinion
2026-08-04,https://www.cambridgetoday.ca/2026-municipal-election-news/ward-7-tasneem-chhadiya-12624812,Ward 7: Tasneem Chhadiya,Cambridge Today,Cambridge-Ward-07,CandidateProfiles
2026-07-23,https://www.theglobeandmail.com/canada/article-waterloo-region-ontario-water-crisis-wells-population-growth/,Drying times: The Waterloo Region is short on water. Its recent crisis is a cautionary tale for other cities,The Globe and Mail,Election-Info,Article
2026-08-14,https://www.facebook.com/BrianKennedyCambridge/posts/pfbid0hkoFqe6nqp8FL3YSivHDiHnZnnqR9YVfA5YgfYf86SJKNZmLaqDn4sQ37onb95LVl,Brian Kennedy Withdrawal Statement,Facebook,Cambridge-Mayor,Article
2026-08-02,https://reddit.com/r/waterloo/comments/1vdubyc/whats_the_word_on_scott_piatkowski_currently/,"What’s the word on Scott Piatkowski, currently running for Ward 5 councillor?",Reddit,Waterloo-Ward-05,Opinion
2026-08-13,https://www.therecord.com/news/waterloo-region/brian-kennedy-exits-mayoral-race/article_d4f55028-0786-501f-b040-eb7da69e1796.html,"Kennedy exits Cambridge mayoral race, citing personal loss",Waterloo Region Record,Cambridge-Mayor,Article
2026-08-04,https://www.therecord.com/news/municipal-elections/third-candidate-registers-to-become-woolwich-mayor/article_3373c222-5bd8-51c0-9517-9674057b243a.html,Third candidate registers to become Woolwich mayor,Waterloo Region Record,Woolwich-Mayor,CandidateProfiles
2026-08-13,https://www.cambridgetoday.ca/2026-municipal-election-news/cambridge-mayoral-candidate-brian-kennedy-steps-out-of-race-12663816,Cambridge mayoral candidate Brian Kennedy steps out of race,Cambridge Today,Cambridge-Mayor,Article
2026-08-13,https://www.cambridgetoday.ca/2026-municipal-election-news/ward-8-arpan-pandit-12660571,Ward 8: Arpan Pandit,Cambridge Today,Cambridge-Ward-08,CandidateProfiles
2026-08-11,https://www.cambridgetoday.ca/2026-municipal-election-news/shine-cambridge-fifth-candidate-enters-cambridges-mayoral-race-12652838,Shine Cambridge:' Fifth candidate enters Cambridge's mayoral race,Cambridge Today,Cambridge-Mayor,CandidateProfiles
2026-08-18,https://reddit.com/r/waterloo/comments/1vruvtl/local_tech_guy_gives_take_on_upcoming_election/,Local tech guy gives take on upcoming election,Reddit,Waterloo-Mayor,Opinion
2026-08-22,https://www.therecord.com/news/municipal-elections/waterloo-region-municipal-election-lookahead/article_2ce81862-1ed3-5db0-b8f0-454a99e76e53.html?source=newsletter&utm_content=a06&utm_source=ml_nl&utm_medium=email&utm_email=D6B0DFB91B6AB228B7768D5D03B53BF8&utm_campaign=wrha_113257&utm_term=latest,Five Waterloo Region ward candidates running unopposed in municipal election,Waterloo Region Record,Election-Info,Article
2026-06-22,https://marinus.substack.com/p/june-22-2026-promenade-community,Interview with Wazhma Frough and David Alton,Promenade Community Radio Magazine,Kitchener-Mayor,CandidateProfiles
2026-08-10,https://marinus.substack.com/p/august-10-2026-promenade-community,Interview with Stephanie Goertz,Promenade Community Radio Magazine,Wilmot-Mayor,CandidateProfiles
2026-08-17,https://marinus.substack.com/p/august-17-2026-promenade-community,Interview with Matt Rodrigues,Promenade Community Radio Magazine,Regional-Kitchener,CandidateProfiles
2026-08-27,https://www.therecord.com/opinion/columnists/cambridge-voters-have-clearest-choice/article_12d035dc-af75-5b7e-ac44-b5731d67fae5.html?source=newsletter&utm_content=a02&utm_source=ml_nl&utm_medium=email&utm_email=D6B0DFB91B6AB228B7768D5D03B53BF8&utm_campaign=wrha_114181&utm_term=latest,Cambridge voters have the clearest choice in this municipal election,Waterloo Region Record,"Cambridge-Mayor, Wilmot-Mayor",Opinion
2026-08-24,https://www.therecord.com/news/municipal-elections/second-candidate-withdraws-from-cambridge-mayoral-race/article_db2521d7-a677-544e-b8e8-c40709ccaddd.html,Second candidate withdraws from Cambridge mayoral race,Waterloo Region Record,Cambridge-Mayor,Article
2026-08-08,https://www.therecord.com/news/municipal-elections/mayoral-candidate-ayr-terry-knarr/article_89dab499-b8dc-5d05-9817-46adc6672184.html,Ayr resident joins North Dumfries mayoral race to offer choice for voters,Waterloo Region Record,NorthDumfries-Mayor,CandidateProfiles
2026-07-31,https://www.therecord.com/news/municipal-elections/vrbanovic-will-seek-fourth-term-as-kitchener-mayor/article_bd11d8f0-3782-530f-8d2b-11a7508b96e8.html,Vrbanovic will seek 4th term as Kitchener mayor,Waterloo Region Record,Kitchener-Mayor,CandidateProfiles
2026-07-15,https://www.therecord.com/news/municipal-elections/george-trihenea-says-transparency-key-for-kitchener-mayor/article_ace4a018-f4d8-503f-8473-7245e7df5b03.html,"George Trihenea would focus on transparency, efficiency as Kitchener mayor",Waterloo Region Record,Kitchener-Mayor,CandidateProfiles
2026-07-28,https://www.therecord.com/news/municipal-elections/wilmot-mayor-salonen-seeks-second-term-for-defining-period/article_ced2180c-5115-53c9-a1cf-2e9198ad2028.html,Wilmot Mayor Natasha Salonen seeks second term for ‘defining period’,Waterloo Region Record,Wilmot-Mayor,CandidateProfiles
2026-07-13,https://www.therecord.com/news/municipal-elections/mayor-candidate-coun-kris-wilkinson-wants-stronger-wilmot/article_f82afbdf-8a1a-53eb-a779-0cf0fefe2dba.html,Mayor candidate Coun. Kris Wilkinson wants ‘Stronger Wilmot’,Waterloo Region Record,Wilmot-Mayor,CandidateProfiles
2026-07-06,https://www.therecord.com/news/municipal-elections/ryan-bolender-joins-cambridge-mayoral-race/article_65791368-0c6c-5088-8899-7c7db09cbe87.html,Ryan Bolender joins Cambridge mayoral race,Waterloo Region Record,Cambridge-Mayor,CandidateProfiles
2026-08-04,https://www.therecord.com/news/waterloo-region/liggett-running-for-second-term-as-cambridge-mayor/article_a6e26327-7cef-539d-9a85-91e7211e5920.html,Liggett enters Cambridge mayoral race,Waterloo Region Record,Cambridge-Mayor,CandidateProfiles
2026-08-17,https://www.cambridgetoday.ca/2026-municipal-election-news/ward-6-chris-mccormick-12674520,Ward 6: Chris McCormick,Cambridge Today,Cambridge-Ward-06,CandidateProfiles
2026-08-25,https://www.cambridgetoday.ca/2026-municipal-election-news/i-can-do-it-better-blind-registered-massage-therapist-enters-cambridge-mayoral-race-12700639,I can do it better:' blind registered massage therapist enters Cambridge mayoral race,Cambridge Today,Cambridge-Mayor,CandidateProfiles
2026-08-25,https://www.cambridgetoday.ca/2026-municipal-election-news/ward-3-kiran-abid-12704066,Ward 3: Kiran Abid,Cambridge Today,Cambridge-Ward-03,CandidateProfiles
2026-08-25,https://www.cambridgetoday.ca/2026-municipal-election-news/regional-council-salman-arefin-12705489,Regional council: Salman Arefin,Cambridge Today,Regional-Cambridge,CandidateProfiles
2026-08-26,https://www.cambridgetoday.ca/2026-municipal-election-news/ward-2-matt-rogers-12705604,Ward 2: Matt Rogers,Cambridge Today,Cambridge-Ward-02,CandidateProfiles
2026-08-26,https://www.cambridgetoday.ca/2026-municipal-election-news/ward-7-dani-ieso-12710071,Ward 7: Dani Ieso,Cambridge Today,Cambridge-Ward-07,CandidateProfiles
2026-08-28,https://www.cambridgetoday.ca/2026-municipal-election-news/ward-1-jeff-donkersgoed-12718016,Ward 1: Jeff Donkersgoed,Cambridge Today,Cambridge-Ward-01,CandidateProfiles
2026-08-28,https://www.cambridgetoday.ca/2026-municipal-election-news/ward-8-chris-alward-12718389,Ward 8: Chris Alward,Cambridge Today,Cambridge-Ward-08,CandidateProfiles
2026-08-30,https://reddit.com/r/kitchener/comments/1w2zwwj/2026candidatemayor_of_kitchener/,2026-Candidate-Mayor for Kitchener (Mani Nair),Reddit,Kitchener-Mayor,Opinion
2026-09-01,https://www.therecord.com/opinion/columnists/be-ready-to-cast-a-ballot-in-upcoming-municipal-election/article_93815626-c4f2-51f1-8860-390fa53919a6.html?source=newsletter&utm_content=a08&utm_source=ml_nl&utm_medium=email&utm_email=D6B0DFB91B6AB228B7768D5D03B53BF8&utm_campaign=wrha_115092&utm_term=latest,Be ready to cast a ballot in upcoming municipal election,Waterloo Region Record,Election-Info,Opinion
2026-09-02,https://www.cambridgetimes.ca/news/municipal-elections/ken-roche-touts-budget-friendly-mayoral-campaign/article_b399588d-a601-56d0-895a-a2c723a43b81.html,Ken Roche focuses on ‘budget-friendly’ approach in mayoral bid,Cambridge Times,Cambridge-Mayor,CandidateProfiles
2026-09-04,https://www.therecord.com/news/municipal-elections/entrepreneur-cindy-ward-running-for-kitchener-mayor/article_08bcfc9a-137e-5e8e-8f7c-57137505835a.html?source=newsletter&utm_content=a01&utm_source=ml_nl&utm_medium=email&utm_email=D6B0DFB91B6AB228B7768D5D03B53BF8&utm_campaign=wrha_115652&utm_term=special,Entrepreneur wants to breathe fresh air into Kitchener City Hall,Waterloo Region Record,Kitchener-Mayor,CandidateProfiles
2026-08-24,https://climateactionwr.ca/climate-candidate-pledge/,2026 Municipal Election Climate Candidate Pledge,ClimateActionWR,"Wellesley-Mayor, Alias-All-Regional, Alias-Kitchener, Alias-Wilmot, Cambridge-Ward-01, Cambridge-Ward-02, Cambridge-Ward-07, Woolwich-Ward-02, Waterloo-Mayor, Waterloo-Ward-02, Waterloo-Ward-03, Waterloo-Ward-05",Opinion